"filename", "language", "YAML", "JSON", "Dart", "Markdown", "Shell Script", "HTML", "Swift", "C++", "XML", "Properties", "Groovy", "comment", "blank", "total"
"d:\WORK\code\flutter\vibe\flutter_vss\README.md", "Markdown", 0, 0, 0, 10, 0, 0, 0, 0, 0, 0, 0, 0, 7, 17
"d:\WORK\code\flutter\vibe\flutter_vss\analysis_options.yaml", "YAML", 3, 0, 0, 0, 0, 0, 0, 0, 0, 0, 0, 22, 4, 29
"d:\WORK\code\flutter\vibe\flutter_vss\android\app\build.gradle", "Groovy", 0, 0, 0, 0, 0, 0, 0, 0, 0, 0, 44, 6, 9, 59
"d:\WORK\code\flutter\vibe\flutter_vss\android\app\src\debug\AndroidManifest.xml", "XML", 0, 0, 0, 0, 0, 0, 0, 0, 3, 0, 0, 4, 1, 8
"d:\WORK\code\flutter\vibe\flutter_vss\android\app\src\main\AndroidManifest.xml", "XML", 0, 0, 0, 0, 0, 0, 0, 0, 41, 0, 0, 11, 3, 55
"d:\WORK\code\flutter\vibe\flutter_vss\android\app\src\main\res\drawable-v21\launch_background.xml", "XML", 0, 0, 0, 0, 0, 0, 0, 0, 4, 0, 0, 7, 2, 13
"d:\WORK\code\flutter\vibe\flutter_vss\android\app\src\main\res\drawable\launch_background.xml", "XML", 0, 0, 0, 0, 0, 0, 0, 0, 4, 0, 0, 7, 2, 13
"d:\WORK\code\flutter\vibe\flutter_vss\android\app\src\main\res\values-night\styles.xml", "XML", 0, 0, 0, 0, 0, 0, 0, 0, 9, 0, 0, 9, 1, 19
"d:\WORK\code\flutter\vibe\flutter_vss\android\app\src\main\res\values\styles.xml", "XML", 0, 0, 0, 0, 0, 0, 0, 0, 9, 0, 0, 9, 1, 19
"d:\WORK\code\flutter\vibe\flutter_vss\android\app\src\profile\AndroidManifest.xml", "XML", 0, 0, 0, 0, 0, 0, 0, 0, 3, 0, 0, 4, 1, 8
"d:\WORK\code\flutter\vibe\flutter_vss\android\build.gradle", "Groovy", 0, 0, 0, 0, 0, 0, 0, 0, 0, 0, 16, 0, 3, 19
"d:\WORK\code\flutter\vibe\flutter_vss\android\gradle.properties", "Properties", 0, 0, 0, 0, 0, 0, 0, 0, 0, 3, 0, 0, 1, 4
"d:\WORK\code\flutter\vibe\flutter_vss\android\gradle\wrapper\gradle-wrapper.properties", "Properties", 0, 0, 0, 0, 0, 0, 0, 0, 0, 5, 0, 0, 1, 6
"d:\WORK\code\flutter\vibe\flutter_vss\android\settings.gradle", "Groovy", 0, 0, 0, 0, 0, 0, 0, 0, 0, 0, 21, 0, 5, 26
"d:\WORK\code\flutter\vibe\flutter_vss\assets\icons\icon_barcode.svg", "XML", 0, 0, 0, 0, 0, 0, 0, 0, 1, 0, 0, 0, 0, 1
"d:\WORK\code\flutter\vibe\flutter_vss\ios\RunnerTests\RunnerTests.swift", "Swift", 0, 0, 0, 0, 0, 0, 7, 0, 0, 0, 0, 2, 4, 13
"d:\WORK\code\flutter\vibe\flutter_vss\ios\Runner\AppDelegate.swift", "Swift", 0, 0, 0, 0, 0, 0, 12, 0, 0, 0, 0, 0, 2, 14
"d:\WORK\code\flutter\vibe\flutter_vss\ios\Runner\Assets.xcassets\AppIcon.appiconset\Contents.json", "JSON", 0, 122, 0, 0, 0, 0, 0, 0, 0, 0, 0, 0, 1, 123
"d:\WORK\code\flutter\vibe\flutter_vss\ios\Runner\Assets.xcassets\LaunchImage.imageset\Contents.json", "JSON", 0, 23, 0, 0, 0, 0, 0, 0, 0, 0, 0, 0, 1, 24
"d:\WORK\code\flutter\vibe\flutter_vss\ios\Runner\Assets.xcassets\LaunchImage.imageset\README.md", "Markdown", 0, 0, 0, 3, 0, 0, 0, 0, 0, 0, 0, 0, 2, 5
"d:\WORK\code\flutter\vibe\flutter_vss\ios\Runner\Base.lproj\LaunchScreen.storyboard", "XML", 0, 0, 0, 0, 0, 0, 0, 0, 36, 0, 0, 1, 1, 38
"d:\WORK\code\flutter\vibe\flutter_vss\ios\Runner\Base.lproj\Main.storyboard", "XML", 0, 0, 0, 0, 0, 0, 0, 0, 25, 0, 0, 1, 1, 27
"d:\WORK\code\flutter\vibe\flutter_vss\ios\Runner\Runner-Bridging-Header.h", "C++", 0, 0, 0, 0, 0, 0, 0, 1, 0, 0, 0, 0, 1, 2
"d:\WORK\code\flutter\vibe\flutter_vss\lib\feature\home\view\home_view.dart", "Dart", 0, 0, 63, 0, 0, 0, 0, 0, 0, 0, 0, 1, 6, 70
"d:\WORK\code\flutter\vibe\flutter_vss\lib\feature\home\view\widget\drawer_menu\drawer_items.dart", "Dart", 0, 0, 79, 0, 0, 0, 0, 0, 0, 0, 0, 4, 11, 94
"d:\WORK\code\flutter\vibe\flutter_vss\lib\feature\home\view\widget\drawer_menu\home_drawer_menu.dart", "Dart", 0, 0, 42, 0, 0, 0, 0, 0, 0, 0, 0, 0, 3, 45
"d:\WORK\code\flutter\vibe\flutter_vss\lib\feature\home\view\widget\home_appbar.dart", "Dart", 0, 0, 34, 0, 0, 0, 0, 0, 0, 0, 0, 8, 4, 46
"d:\WORK\code\flutter\vibe\flutter_vss\lib\feature\home\view\widget\home_card_button.dart", "Dart", 0, 0, 42, 0, 0, 0, 0, 0, 0, 0, 0, 0, 3, 45
"d:\WORK\code\flutter\vibe\flutter_vss\lib\feature\home\view_model\home_view_model.dart", "Dart", 0, 0, 20, 0, 0, 0, 0, 0, 0, 0, 0, 0, 5, 25
"d:\WORK\code\flutter\vibe\flutter_vss\lib\feature\login\view\login_view.dart", "Dart", 0, 0, 59, 0, 0, 0, 0, 0, 0, 0, 0, 0, 5, 64
"d:\WORK\code\flutter\vibe\flutter_vss\lib\feature\login\view\mixin\login_view_mixin.dart", "Dart", 0, 0, 43, 0, 0, 0, 0, 0, 0, 0, 0, 1, 9, 53
"d:\WORK\code\flutter\vibe\flutter_vss\lib\feature\login\view\widget\login_settings_button.dart", "Dart", 0, 0, 15, 0, 0, 0, 0, 0, 0, 0, 0, 0, 3, 18
"d:\WORK\code\flutter\vibe\flutter_vss\lib\feature\login\view\widget\username_password_textfield.dart", "Dart", 0, 0, 30, 0, 0, 0, 0, 0, 0, 0, 0, 0, 2, 32
"d:\WORK\code\flutter\vibe\flutter_vss\lib\feature\login\view_model\login_view_model.dart", "Dart", 0, 0, 72, 0, 0, 0, 0, 0, 0, 0, 0, 7, 15, 94
"d:\WORK\code\flutter\vibe\flutter_vss\lib\feature\login\view_model\state\login_base_state.dart", "Dart", 0, 0, 7, 0, 0, 0, 0, 0, 0, 0, 0, 0, 3, 10
"d:\WORK\code\flutter\vibe\flutter_vss\lib\feature\login\view_model\state\login_state.dart", "Dart", 0, 0, 14, 0, 0, 0, 0, 0, 0, 0, 0, 0, 4, 18
"d:\WORK\code\flutter\vibe\flutter_vss\lib\feature\order\check_order\view\check_orders_view.dart", "Dart", 0, 0, 33, 0, 0, 0, 0, 0, 0, 0, 0, 0, 6, 39
"d:\WORK\code\flutter\vibe\flutter_vss\lib\feature\order\check_order\view\widget\check_orders_appbar.dart", "Dart", 0, 0, 21, 0, 0, 0, 0, 0, 0, 0, 0, 0, 4, 25
"d:\WORK\code\flutter\vibe\flutter_vss\lib\feature\order\check_order\view\widget\check_orders_print_wayybill_floating_button.dart", "Dart", 0, 0, 21, 0, 0, 0, 0, 0, 0, 0, 0, 0, 3, 24
"d:\WORK\code\flutter\vibe\flutter_vss\lib\feature\order\detail\view\mixin\order_detail_view_mixin.dart", "Dart", 0, 0, 20, 0, 0, 0, 0, 0, 0, 0, 0, 0, 6, 26
"d:\WORK\code\flutter\vibe\flutter_vss\lib\feature\order\detail\view\order_detail_view.dart", "Dart", 0, 0, 72, 0, 0, 0, 0, 0, 0, 0, 0, 1, 7, 80
"d:\WORK\code\flutter\vibe\flutter_vss\lib\feature\order\detail\view\widget\check_orders_navigate_button.dart", "Dart", 0, 0, 31, 0, 0, 0, 0, 0, 0, 0, 0, 0, 5, 36
"d:\WORK\code\flutter\vibe\flutter_vss\lib\feature\order\detail\view\widget\decoration\product_listview_icon_decoration.dart", "Dart", 0, 0, 20, 0, 0, 0, 0, 0, 0, 0, 0, 0, 2, 22
"d:\WORK\code\flutter\vibe\flutter_vss\lib\feature\order\detail\view\widget\order_detail_appbar.dart", "Dart", 0, 0, 40, 0, 0, 0, 0, 0, 0, 0, 0, 0, 4, 44
"d:\WORK\code\flutter\vibe\flutter_vss\lib\feature\order\detail\view\widget\order_detail_listview_separated.dart", "Dart", 0, 0, 44, 0, 0, 0, 0, 0, 0, 0, 0, 0, 4, 48
"d:\WORK\code\flutter\vibe\flutter_vss\lib\feature\order\detail\view\widget\order_detail_loading.dart", "Dart", 0, 0, 21, 0, 0, 0, 0, 0, 0, 0, 0, 0, 3, 24
"d:\WORK\code\flutter\vibe\flutter_vss\lib\feature\order\detail\view_model\order_detail_view_model.dart", "Dart", 0, 0, 164, 0, 0, 0, 0, 0, 0, 0, 0, 29, 35, 228
"d:\WORK\code\flutter\vibe\flutter_vss\lib\feature\order\detail\view_model\state\order_detail_base_state.dart", "Dart", 0, 0, 7, 0, 0, 0, 0, 0, 0, 0, 0, 0, 2, 9
"d:\WORK\code\flutter\vibe\flutter_vss\lib\feature\order\detail\view_model\state\order_detail_state.dart", "Dart", 0, 0, 22, 0, 0, 0, 0, 0, 0, 0, 0, 0, 4, 26
"d:\WORK\code\flutter\vibe\flutter_vss\lib\feature\order\home\view\order_view.dart", "Dart", 0, 0, 50, 0, 0, 0, 0, 0, 0, 0, 0, 0, 7, 57
"d:\WORK\code\flutter\vibe\flutter_vss\lib\feature\order\home\view\widget\mixin\order_view_mixin.dart", "Dart", 0, 0, 31, 0, 0, 0, 0, 0, 0, 0, 0, 1, 10, 42
"d:\WORK\code\flutter\vibe\flutter_vss\lib\feature\order\home\view\widget\order_appbar.dart", "Dart", 0, 0, 39, 0, 0, 0, 0, 0, 0, 0, 0, 1, 6, 46
"d:\WORK\code\flutter\vibe\flutter_vss\lib\feature\order\home\view\widget\order_listview_separated.dart", "Dart", 0, 0, 19, 0, 0, 0, 0, 0, 0, 0, 0, 1, 4, 24
"d:\WORK\code\flutter\vibe\flutter_vss\lib\feature\order\home\view_model\order_view_model.dart", "Dart", 0, 0, 61, 0, 0, 0, 0, 0, 0, 0, 0, 8, 11, 80
"d:\WORK\code\flutter\vibe\flutter_vss\lib\feature\order\home\view_model\state\order_base_state.dart", "Dart", 0, 0, 7, 0, 0, 0, 0, 0, 0, 0, 0, 0, 2, 9
"d:\WORK\code\flutter\vibe\flutter_vss\lib\feature\order\home\view_model\state\order_state.dart", "Dart", 0, 0, 17, 0, 0, 0, 0, 0, 0, 0, 0, 0, 4, 21
"d:\WORK\code\flutter\vibe\flutter_vss\lib\feature\order\wayybill\view\mixin\wayybill_view_mixin.dart", "Dart", 0, 0, 31, 0, 0, 0, 0, 0, 0, 0, 0, 5, 9, 45
"d:\WORK\code\flutter\vibe\flutter_vss\lib\feature\order\wayybill\view\wayybill_view.dart", "Dart", 0, 0, 92, 0, 0, 0, 0, 0, 0, 0, 0, 1, 8, 101
"d:\WORK\code\flutter\vibe\flutter_vss\lib\feature\order\wayybill\view\widget\custom_text.dart", "Dart", 0, 0, 17, 0, 0, 0, 0, 0, 0, 0, 0, 0, 2, 19
"d:\WORK\code\flutter\vibe\flutter_vss\lib\feature\order\wayybill\view\widget\delivared_recipient.dart", "Dart", 0, 0, 26, 0, 0, 0, 0, 0, 0, 0, 0, 0, 4, 30
"d:\WORK\code\flutter\vibe\flutter_vss\lib\feature\order\wayybill\view\widget\scans_column.dart", "Dart", 0, 0, 24, 0, 0, 0, 0, 0, 0, 0, 0, 0, 4, 28
"d:\WORK\code\flutter\vibe\flutter_vss\lib\feature\order\wayybill\view\widget\waybill_floating_buttons.dart", "Dart", 0, 0, 40, 0, 0, 0, 0, 0, 0, 0, 0, 0, 3, 43
"d:\WORK\code\flutter\vibe\flutter_vss\lib\feature\order\wayybill\view\widget\wayybill_appbar.dart", "Dart", 0, 0, 43, 0, 0, 0, 0, 0, 0, 0, 0, 1, 5, 49
"d:\WORK\code\flutter\vibe\flutter_vss\lib\feature\order\wayybill\view\widget\wayybill_loading.dart", "Dart", 0, 0, 19, 0, 0, 0, 0, 0, 0, 0, 0, 0, 2, 21
"d:\WORK\code\flutter\vibe\flutter_vss\lib\feature\order\wayybill\view_model\state\wayybill_base_state.dart", "Dart", 0, 0, 15, 0, 0, 0, 0, 0, 0, 0, 0, 0, 5, 20
"d:\WORK\code\flutter\vibe\flutter_vss\lib\feature\order\wayybill\view_model\state\wayybill_state.dart", "Dart", 0, 0, 25, 0, 0, 0, 0, 0, 0, 0, 0, 0, 4, 29
"d:\WORK\code\flutter\vibe\flutter_vss\lib\feature\order\wayybill\view_model\wayybill_view_model.dart", "Dart", 0, 0, 141, 0, 0, 0, 0, 0, 0, 0, 0, 15, 24, 180
"d:\WORK\code\flutter\vibe\flutter_vss\lib\feature\settings\view\settings_view.dart", "Dart", 0, 0, 56, 0, 0, 0, 0, 0, 0, 0, 0, 0, 6, 62
"d:\WORK\code\flutter\vibe\flutter_vss\lib\feature\settings\view\widget\baseurl_companyno_text_column.dart", "Dart", 0, 0, 49, 0, 0, 0, 0, 0, 0, 0, 0, 0, 4, 53
"d:\WORK\code\flutter\vibe\flutter_vss\lib\feature\settings\view\widget\floating_save_button.dart", "Dart", 0, 0, 31, 0, 0, 0, 0, 0, 0, 0, 0, 0, 3, 34
"d:\WORK\code\flutter\vibe\flutter_vss\lib\feature\settings\view\widget\settings_appbar.dart", "Dart", 0, 0, 43, 0, 0, 0, 0, 0, 0, 0, 0, 8, 7, 58
"d:\WORK\code\flutter\vibe\flutter_vss\lib\feature\settings\view_model\settings_view_model.dart", "Dart", 0, 0, 52, 0, 0, 0, 0, 0, 0, 0, 0, 6, 17, 75
"d:\WORK\code\flutter\vibe\flutter_vss\lib\feature\shipment\home\view\mixin\shipment_view_mixin.dart", "Dart", 0, 0, 24, 0, 0, 0, 0, 0, 0, 0, 0, 2, 9, 35
"d:\WORK\code\flutter\vibe\flutter_vss\lib\feature\shipment\home\view\shipment_view.dart", "Dart", 0, 0, 52, 0, 0, 0, 0, 0, 0, 0, 0, 1, 6, 59
"d:\WORK\code\flutter\vibe\flutter_vss\lib\feature\shipment\home\view\widget\shipment_appbar.dart", "Dart", 0, 0, 39, 0, 0, 0, 0, 0, 0, 0, 0, 1, 6, 46
"d:\WORK\code\flutter\vibe\flutter_vss\lib\feature\shipment\home\view\widget\shipment_listview_separated.dart", "Dart", 0, 0, 19, 0, 0, 0, 0, 0, 0, 0, 0, 1, 4, 24
"d:\WORK\code\flutter\vibe\flutter_vss\lib\feature\shipment\home\view_model\shipment_view_model.dart", "Dart", 0, 0, 12, 0, 0, 0, 0, 0, 0, 0, 0, 59, 3, 74
"d:\WORK\code\flutter\vibe\flutter_vss\lib\feature\shipment\home\view_model\state\shipment_base_state.dart", "Dart", 0, 0, 7, 0, 0, 0, 0, 0, 0, 0, 0, 0, 2, 9
"d:\WORK\code\flutter\vibe\flutter_vss\lib\feature\splash\view\mixin\splash_view_mixin.dart", "Dart", 0, 0, 41, 0, 0, 0, 0, 0, 0, 0, 0, 2, 12, 55
"d:\WORK\code\flutter\vibe\flutter_vss\lib\feature\splash\view\splash_view.dart", "Dart", 0, 0, 19, 0, 0, 0, 0, 0, 0, 0, 0, 0, 4, 23
"d:\WORK\code\flutter\vibe\flutter_vss\lib\feature\splash\view_model\splash_view_model.dart", "Dart", 0, 0, 14, 0, 0, 0, 0, 0, 0, 0, 0, 1, 5, 20
"d:\WORK\code\flutter\vibe\flutter_vss\lib\feature\splash\view_model\state\splash_base_state.dart", "Dart", 0, 0, 14, 0, 0, 0, 0, 0, 0, 0, 0, 0, 5, 19
"d:\WORK\code\flutter\vibe\flutter_vss\lib\feature\splash\view_model\state\splash_state.dart", "Dart", 0, 0, 14, 0, 0, 0, 0, 0, 0, 0, 0, 0, 4, 18
"d:\WORK\code\flutter\vibe\flutter_vss\lib\main.dart", "Dart", 0, 0, 28, 0, 0, 0, 0, 0, 0, 0, 0, 0, 6, 34
"d:\WORK\code\flutter\vibe\flutter_vss\lib\product\cache\core\cache_manager.dart", "Dart", 0, 0, 7, 0, 0, 0, 0, 0, 0, 0, 0, 5, 6, 18
"d:\WORK\code\flutter\vibe\flutter_vss\lib\product\cache\core\cache_manager_mixin.dart", "Dart", 0, 0, 10, 0, 0, 0, 0, 0, 0, 0, 0, 2, 5, 17
"d:\WORK\code\flutter\vibe\flutter_vss\lib\product\cache\core\cache_model.dart", "Dart", 0, 0, 5, 0, 0, 0, 0, 0, 0, 0, 0, 0, 1, 6
"d:\WORK\code\flutter\vibe\flutter_vss\lib\product\cache\core\cache_operation.dart", "Dart", 0, 0, 9, 0, 0, 0, 0, 0, 0, 0, 0, 0, 3, 12
"d:\WORK\code\flutter\vibe\flutter_vss\lib\product\cache\core\cache_register.dart", "Dart", 0, 0, 24, 0, 0, 0, 0, 0, 0, 0, 0, 3, 9, 36
"d:\WORK\code\flutter\vibe\flutter_vss\lib\product\cache\hive\hive_adapter_id.dart", "Dart", 0, 0, 10, 0, 0, 0, 0, 0, 0, 0, 0, 1, 3, 14
"d:\WORK\code\flutter\vibe\flutter_vss\lib\product\cache\hive\hive_cache_manager.dart", "Dart", 0, 0, 75, 0, 0, 0, 0, 0, 0, 0, 0, 3, 7, 85
"d:\WORK\code\flutter\vibe\flutter_vss\lib\product\cache\hive\hive_cache_operation.dart", "Dart", 0, 0, 34, 0, 0, 0, 0, 0, 0, 0, 0, 3, 9, 46
"d:\WORK\code\flutter\vibe\flutter_vss\lib\product\cache\product_cache.dart", "Dart", 0, 0, 25, 0, 0, 0, 0, 0, 0, 0, 0, 3, 9, 37
"d:\WORK\code\flutter\vibe\flutter_vss\lib\product\cache\shared\key\shared_keys.dart", "Dart", 0, 0, 1, 0, 0, 0, 0, 0, 0, 0, 0, 0, 1, 2
"d:\WORK\code\flutter\vibe\flutter_vss\lib\product\cache\shared\shared_cache_operation.dart", "Dart", 0, 0, 29, 0, 0, 0, 0, 0, 0, 0, 0, 6, 8, 43
"d:\WORK\code\flutter\vibe\flutter_vss\lib\product\decoration\product_textfield_decoration.dart", "Dart", 0, 0, 14, 0, 0, 0, 0, 0, 0, 0, 0, 0, 2, 16
"d:\WORK\code\flutter\vibe\flutter_vss\lib\product\environment\app_configuration.dart", "Dart", 0, 0, 4, 0, 0, 0, 0, 0, 0, 0, 0, 0, 1, 5
"d:\WORK\code\flutter\vibe\flutter_vss\lib\product\environment\dev_env.dart", "Dart", 0, 0, 14, 0, 0, 0, 0, 0, 0, 0, 0, 1, 7, 22
"d:\WORK\code\flutter\vibe\flutter_vss\lib\product\environment\dev_env.g.dart", "Dart", 0, 0, 143, 0, 0, 0, 0, 0, 0, 0, 0, 6, 9, 158
"d:\WORK\code\flutter\vibe\flutter_vss\lib\product\environment\prod_env.dart", "Dart", 0, 0, 14, 0, 0, 0, 0, 0, 0, 0, 0, 1, 7, 22
"d:\WORK\code\flutter\vibe\flutter_vss\lib\product\environment\prod_env.g.dart", "Dart", 0, 0, 143, 0, 0, 0, 0, 0, 0, 0, 0, 6, 9, 158
"d:\WORK\code\flutter\vibe\flutter_vss\lib\product\init\application_initialize.dart", "Dart", 0, 0, 38, 0, 0, 0, 0, 0, 0, 0, 0, 17, 15, 70
"d:\WORK\code\flutter\vibe\flutter_vss\lib\product\init\config\app_environment.dart", "Dart", 0, 0, 31, 0, 0, 0, 0, 0, 0, 0, 0, 9, 9, 49
"d:\WORK\code\flutter\vibe\flutter_vss\lib\product\init\state_initialize.dart", "Dart", 0, 0, 17, 0, 0, 0, 0, 0, 0, 0, 0, 0, 2, 19
"d:\WORK\code\flutter\vibe\flutter_vss\lib\product\init\theme\custom_dark_theme.dart", "Dart", 0, 0, 14, 0, 0, 0, 0, 0, 0, 0, 0, 0, 3, 17
"d:\WORK\code\flutter\vibe\flutter_vss\lib\product\init\theme\custom_light_theme.dart", "Dart", 0, 0, 14, 0, 0, 0, 0, 0, 0, 0, 0, 0, 3, 17
"d:\WORK\code\flutter\vibe\flutter_vss\lib\product\init\theme\custom_theme.dart", "Dart", 0, 0, 5, 0, 0, 0, 0, 0, 0, 0, 0, 0, 3, 8
"d:\WORK\code\flutter\vibe\flutter_vss\lib\product\init\theme\theme_color_scheme.dart", "Dart", 0, 0, 103, 0, 0, 0, 0, 0, 0, 0, 0, 0, 3, 106
"d:\WORK\code\flutter\vibe\flutter_vss\lib\product\navigation\app_router.dart", "Dart", 0, 0, 26, 0, 0, 0, 0, 0, 0, 0, 0, 0, 3, 29
"d:\WORK\code\flutter\vibe\flutter_vss\lib\product\navigation\app_router.gr.dart", "Dart", 0, 0, 199, 0, 0, 0, 0, 0, 0, 0, 0, 23, 42, 264
"d:\WORK\code\flutter\vibe\flutter_vss\lib\product\service\barcode_service.dart", "Dart", 0, 0, 17, 0, 0, 0, 0, 0, 0, 0, 0, 1, 4, 22
"d:\WORK\code\flutter\vibe\flutter_vss\lib\product\service\interface\authentication_operation.dart", "Dart", 0, 0, 6, 0, 0, 0, 0, 0, 0, 0, 0, 0, 2, 8
"d:\WORK\code\flutter\vibe\flutter_vss\lib\product\service\interface\barcode_operation.dart", "Dart", 0, 0, 5, 0, 0, 0, 0, 0, 0, 0, 0, 0, 2, 7
"d:\WORK\code\flutter\vibe\flutter_vss\lib\product\service\interface\order_operation.dart", "Dart", 0, 0, 10, 0, 0, 0, 0, 0, 0, 0, 0, 1, 3, 14
"d:\WORK\code\flutter\vibe\flutter_vss\lib\product\service\interface\scan_operation.dart", "Dart", 0, 0, 4, 0, 0, 0, 0, 0, 0, 0, 0, 1, 3, 8
"d:\WORK\code\flutter\vibe\flutter_vss\lib\product\service\interface\wayybill_operation.dart", "Dart", 0, 0, 5, 0, 0, 0, 0, 0, 0, 0, 0, 1, 3, 9
"d:\WORK\code\flutter\vibe\flutter_vss\lib\product\service\login_service.dart", "Dart", 0, 0, 19, 0, 0, 0, 0, 0, 0, 0, 0, 1, 4, 24
"d:\WORK\code\flutter\vibe\flutter_vss\lib\product\service\manager\enums\http_header_enum.dart", "Dart", 0, 0, 7, 0, 0, 0, 0, 0, 0, 0, 0, 1, 3, 11
"d:\WORK\code\flutter\vibe\flutter_vss\lib\product\service\manager\enums\query_parameters_enum.dart", "Dart", 0, 0, 7, 0, 0, 0, 0, 0, 0, 0, 0, 2, 2, 11
"d:\WORK\code\flutter\vibe\flutter_vss\lib\product\service\manager\order\synchronize_cache_manager.dart", "Dart", 0, 0, 83, 0, 0, 0, 0, 0, 0, 0, 0, 18, 21, 122
"d:\WORK\code\flutter\vibe\flutter_vss\lib\product\service\manager\order\synchronize_cache_operation.dart", "Dart", 0, 0, 4, 0, 0, 0, 0, 0, 0, 0, 0, 1, 1, 6
"d:\WORK\code\flutter\vibe\flutter_vss\lib\product\service\manager\product_network_error_manager.dart", "Dart", 0, 0, 9, 0, 0, 0, 0, 0, 0, 0, 0, 2, 6, 17
"d:\WORK\code\flutter\vibe\flutter_vss\lib\product\service\manager\product_network_interceptor.dart", "Dart", 0, 0, 45, 0, 0, 0, 0, 0, 0, 0, 0, 4, 10, 59
"d:\WORK\code\flutter\vibe\flutter_vss\lib\product\service\manager\product_service_manager.dart", "Dart", 0, 0, 27, 0, 0, 0, 0, 0, 0, 0, 0, 3, 4, 34
"d:\WORK\code\flutter\vibe\flutter_vss\lib\product\service\manager\product_service_path.dart", "Dart", 0, 0, 18, 0, 0, 0, 0, 0, 0, 0, 0, 5, 5, 28
"d:\WORK\code\flutter\vibe\flutter_vss\lib\product\service\model\barcode\barcode.dart", "Dart", 0, 0, 43, 0, 0, 0, 0, 0, 0, 0, 0, 0, 11, 54
"d:\WORK\code\flutter\vibe\flutter_vss\lib\product\service\model\barcode\barcode.g.dart", "Dart", 0, 0, 13, 0, 0, 0, 0, 0, 0, 0, 0, 4, 5, 22
"d:\WORK\code\flutter\vibe\flutter_vss\lib\product\service\model\barcode\barcode_response.dart", "Dart", 0, 0, 29, 0, 0, 0, 0, 0, 0, 0, 0, 0, 8, 37
"d:\WORK\code\flutter\vibe\flutter_vss\lib\product\service\model\barcode\barcode_response.g.dart", "Dart", 0, 0, 11, 0, 0, 0, 0, 0, 0, 0, 0, 4, 5, 20
"d:\WORK\code\flutter\vibe\flutter_vss\lib\product\service\model\barcode\scan_barcode_response.dart", "Dart", 0, 0, 24, 0, 0, 0, 0, 0, 0, 0, 0, 0, 7, 31
"d:\WORK\code\flutter\vibe\flutter_vss\lib\product\service\model\barcode\scan_barcode_response.g.dart", "Dart", 0, 0, 10, 0, 0, 0, 0, 0, 0, 0, 0, 4, 5, 19
"d:\WORK\code\flutter\vibe\flutter_vss\lib\product\service\model\login\login.dart", "Dart", 0, 0, 42, 0, 0, 0, 0, 0, 0, 0, 0, 0, 8, 50
"d:\WORK\code\flutter\vibe\flutter_vss\lib\product\service\model\login\login.g.dart", "Dart", 0, 0, 15, 0, 0, 0, 0, 0, 0, 0, 0, 4, 5, 24
"d:\WORK\code\flutter\vibe\flutter_vss\lib\product\service\model\login\login_response.dart", "Dart", 0, 0, 51, 0, 0, 0, 0, 0, 0, 0, 0, 0, 10, 61
"d:\WORK\code\flutter\vibe\flutter_vss\lib\product\service\model\login\login_response.g.dart", "Dart", 0, 0, 19, 0, 0, 0, 0, 0, 0, 0, 0, 4, 5, 28
"d:\WORK\code\flutter\vibe\flutter_vss\lib\product\service\model\order\order.dart", "Dart", 0, 0, 90, 0, 0, 0, 0, 0, 0, 0, 0, 0, 12, 102
"d:\WORK\code\flutter\vibe\flutter_vss\lib\product\service\model\order\order.g.dart", "Dart", 0, 0, 29, 0, 0, 0, 0, 0, 0, 0, 0, 4, 5, 38
"d:\WORK\code\flutter\vibe\flutter_vss\lib\product\service\model\order\order_detail.dart", "Dart", 0, 0, 84, 0, 0, 0, 0, 0, 0, 0, 0, 0, 15, 99
"d:\WORK\code\flutter\vibe\flutter_vss\lib\product\service\model\order\order_detail.g.dart", "Dart", 0, 0, 22, 0, 0, 0, 0, 0, 0, 0, 0, 4, 5, 31
"d:\WORK\code\flutter\vibe\flutter_vss\lib\product\service\model\order\order_response.dart", "Dart", 0, 0, 37, 0, 0, 0, 0, 0, 0, 0, 0, 0, 8, 45
"d:\WORK\code\flutter\vibe\flutter_vss\lib\product\service\model\order\order_response.g.dart", "Dart", 0, 0, 15, 0, 0, 0, 0, 0, 0, 0, 0, 4, 5, 24
"d:\WORK\code\flutter\vibe\flutter_vss\lib\product\service\model\order\scan.dart", "Dart", 0, 0, 45, 0, 0, 0, 0, 0, 0, 0, 0, 0, 11, 56
"d:\WORK\code\flutter\vibe\flutter_vss\lib\product\service\model\order\scan.g.dart", "Dart", 0, 0, 13, 0, 0, 0, 0, 0, 0, 0, 0, 4, 5, 22
"d:\WORK\code\flutter\vibe\flutter_vss\lib\product\service\model\wayybill\wayybill.dart", "Dart", 0, 0, 32, 0, 0, 0, 0, 0, 0, 0, 0, 0, 7, 39
"d:\WORK\code\flutter\vibe\flutter_vss\lib\product\service\model\wayybill\wayybill.g.dart", "Dart", 0, 0, 13, 0, 0, 0, 0, 0, 0, 0, 0, 4, 5, 22
"d:\WORK\code\flutter\vibe\flutter_vss\lib\product\service\model\wayybill\wayybill_detail.dart", "Dart", 0, 0, 48, 0, 0, 0, 0, 0, 0, 0, 0, 0, 8, 56
"d:\WORK\code\flutter\vibe\flutter_vss\lib\product\service\model\wayybill\wayybill_detail.g.dart", "Dart", 0, 0, 21, 0, 0, 0, 0, 0, 0, 0, 0, 4, 5, 30
"d:\WORK\code\flutter\vibe\flutter_vss\lib\product\service\order_service.dart", "Dart", 0, 0, 33, 0, 0, 0, 0, 0, 0, 0, 0, 0, 4, 37
"d:\WORK\code\flutter\vibe\flutter_vss\lib\product\service\scan_service.dart", "Dart", 0, 0, 19, 0, 0, 0, 0, 0, 0, 0, 0, 0, 3, 22
"d:\WORK\code\flutter\vibe\flutter_vss\lib\product\service\wayy_bill_service.dart", "Dart", 0, 0, 21, 0, 0, 0, 0, 0, 0, 0, 0, 0, 3, 24
"d:\WORK\code\flutter\vibe\flutter_vss\lib\product\state\base\base_cubit.dart", "Dart", 0, 0, 9, 0, 0, 0, 0, 0, 0, 0, 0, 0, 3, 12
"d:\WORK\code\flutter\vibe\flutter_vss\lib\product\state\container\product_state_container.dart", "Dart", 0, 0, 41, 0, 0, 0, 0, 0, 0, 0, 0, 3, 5, 49
"d:\WORK\code\flutter\vibe\flutter_vss\lib\product\state\container\product_state_items.dart", "Dart", 0, 0, 29, 0, 0, 0, 0, 0, 0, 0, 0, 0, 11, 40
"d:\WORK\code\flutter\vibe\flutter_vss\lib\product\state\mounted_mixin.dart", "Dart", 0, 0, 12, 0, 0, 0, 0, 0, 0, 0, 0, 3, 3, 18
"d:\WORK\code\flutter\vibe\flutter_vss\lib\product\state\view_model\product_state.dart", "Dart", 0, 0, 13, 0, 0, 0, 0, 0, 0, 0, 0, 0, 5, 18
"d:\WORK\code\flutter\vibe\flutter_vss\lib\product\state\view_model\product_view_model.dart", "Dart", 0, 0, 9, 0, 0, 0, 0, 0, 0, 0, 0, 2, 3, 14
"d:\WORK\code\flutter\vibe\flutter_vss\lib\product\utility\barcode\barcode_scanner_response.dart", "Dart", 0, 0, 6, 0, 0, 0, 0, 0, 0, 0, 0, 0, 2, 8
"d:\WORK\code\flutter\vibe\flutter_vss\lib\product\utility\barcode\custom_barcode_scanner.dart", "Dart", 0, 0, 28, 0, 0, 0, 0, 0, 0, 0, 0, 0, 5, 33
"d:\WORK\code\flutter\vibe\flutter_vss\lib\product\utility\bluetooth\bluetooth_print_mixin.dart", "Dart", 0, 0, 30, 0, 0, 0, 0, 0, 0, 0, 0, 1, 6, 37
"d:\WORK\code\flutter\vibe\flutter_vss\lib\product\utility\bluetooth\bluetooth_printer_manager.dart", "Dart", 0, 0, 25, 0, 0, 0, 0, 0, 0, 0, 0, 0, 4, 29
"d:\WORK\code\flutter\vibe\flutter_vss\lib\product\utility\bluetooth\bluetooth_printer_operation.dart", "Dart", 0, 0, 46, 0, 0, 0, 0, 0, 0, 0, 0, 2, 10, 58
"d:\WORK\code\flutter\vibe\flutter_vss\lib\product\utility\bluetooth\index.dart", "Dart", 0, 0, 2, 0, 0, 0, 0, 0, 0, 0, 0, 0, 1, 3
"d:\WORK\code\flutter\vibe\flutter_vss\lib\product\utility\bluetooth\interface\base\bluetooth_printer_base_mixin.dart", "Dart", 0, 0, 4, 0, 0, 0, 0, 0, 0, 0, 0, 0, 2, 6
"d:\WORK\code\flutter\vibe\flutter_vss\lib\product\utility\bluetooth\interface\i_bluetooth_printer_manager.dart", "Dart", 0, 0, 6, 0, 0, 0, 0, 0, 0, 0, 0, 0, 2, 8
"d:\WORK\code\flutter\vibe\flutter_vss\lib\product\utility\bluetooth\interface\i_bluetooth_printer_operation.dart", "Dart", 0, 0, 15, 0, 0, 0, 0, 0, 0, 0, 0, 0, 5, 20
"d:\WORK\code\flutter\vibe\flutter_vss\lib\product\utility\bluetooth\state\bluetooth_connection_state.dart", "Dart", 0, 0, 17, 0, 0, 0, 0, 0, 0, 0, 0, 0, 4, 21
"d:\WORK\code\flutter\vibe\flutter_vss\lib\product\utility\constants\product_color.dart", "Dart", 0, 0, 5, 0, 0, 0, 0, 0, 0, 0, 0, 0, 2, 7
"d:\WORK\code\flutter\vibe\flutter_vss\lib\product\utility\constants\product_padding.dart", "Dart", 0, 0, 32, 0, 0, 0, 0, 0, 0, 0, 0, 43, 30, 105
"d:\WORK\code\flutter\vibe\flutter_vss\lib\product\utility\constants\project_colors.dart", "Dart", 0, 0, 6, 0, 0, 0, 0, 0, 0, 0, 0, 1, 2, 9
"d:\WORK\code\flutter\vibe\flutter_vss\lib\product\utility\constants\project_durations.dart", "Dart", 0, 0, 9, 0, 0, 0, 0, 0, 0, 0, 0, 8, 7, 24
"d:\WORK\code\flutter\vibe\flutter_vss\lib\product\utility\constants\project_icons.dart", "Dart", 0, 0, 19, 0, 0, 0, 0, 0, 0, 0, 0, 0, 7, 26
"d:\WORK\code\flutter\vibe\flutter_vss\lib\product\utility\constants\project_images.dart", "Dart", 0, 0, 16, 0, 0, 0, 0, 0, 0, 0, 0, 0, 7, 23
"d:\WORK\code\flutter\vibe\flutter_vss\lib\product\utility\constants\project_radius.dart", "Dart", 0, 0, 9, 0, 0, 0, 0, 0, 0, 0, 0, 6, 6, 21
"d:\WORK\code\flutter\vibe\flutter_vss\lib\product\utility\constants\project_strings.dart", "Dart", 0, 0, 58, 0, 0, 0, 0, 0, 0, 0, 0, 1, 4, 63
"d:\WORK\code\flutter\vibe\flutter_vss\lib\product\utility\constants\project_values.dart", "Dart", 0, 0, 8, 0, 0, 0, 0, 0, 0, 0, 0, 0, 1, 9
"d:\WORK\code\flutter\vibe\flutter_vss\lib\product\utility\constants\widget_sizes.dart", "Dart", 0, 0, 31, 0, 0, 0, 0, 0, 0, 0, 0, 25, 28, 84
"d:\WORK\code\flutter\vibe\flutter_vss\lib\product\utility\custom_keyboard_dismisser.dart", "Dart", 0, 0, 10, 0, 0, 0, 0, 0, 0, 0, 0, 0, 2, 12
"d:\WORK\code\flutter\vibe\flutter_vss\lib\product\utility\custom_refresh_indicator.dart", "Dart", 0, 0, 36, 0, 0, 0, 0, 0, 0, 0, 0, 5, 7, 48
"d:\WORK\code\flutter\vibe\flutter_vss\lib\product\utility\modal_barrier\custom_modal_barrier.dart", "Dart", 0, 0, 26, 0, 0, 0, 0, 0, 0, 0, 0, 1, 3, 30
"d:\WORK\code\flutter\vibe\flutter_vss\lib\product\utility\permission_handler\interface\product_permission_operation.dart", "Dart", 0, 0, 5, 0, 0, 0, 0, 0, 0, 0, 0, 0, 1, 6
"d:\WORK\code\flutter\vibe\flutter_vss\lib\product\utility\permission_handler\product_permission_handler.dart", "Dart", 0, 0, 31, 0, 0, 0, 0, 0, 0, 0, 0, 0, 4, 35
"d:\WORK\code\flutter\vibe\flutter_vss\lib\product\utility\size\widget_size.dart", "Dart", 0, 0, 31, 0, 0, 0, 0, 0, 0, 0, 0, 25, 28, 84
"d:\WORK\code\flutter\vibe\flutter_vss\lib\product\utility\toast\toast_manager.dart", "Dart", 0, 0, 29, 0, 0, 0, 0, 0, 0, 0, 0, 0, 5, 34
"d:\WORK\code\flutter\vibe\flutter_vss\lib\product\utility\toast\toast_service.dart", "Dart", 0, 0, 5, 0, 0, 0, 0, 0, 0, 0, 0, 0, 0, 5
"d:\WORK\code\flutter\vibe\flutter_vss\lib\product\utility\validators\validator_items.dart", "Dart", 0, 0, 32, 0, 0, 0, 0, 0, 0, 0, 0, 0, 9, 41
"d:\WORK\code\flutter\vibe\flutter_vss\lib\product\widget\bottom_sheet\base\bottom_sheet_base.dart", "Dart", 0, 0, 12, 0, 0, 0, 0, 0, 0, 0, 0, 2, 3, 17
"d:\WORK\code\flutter\vibe\flutter_vss\lib\product\widget\bottom_sheet\bluetooth_bottom_sheet\view\bluetooth_bottom_sheet.dart", "Dart", 0, 0, 66, 0, 0, 0, 0, 0, 0, 0, 0, 1, 7, 74
"d:\WORK\code\flutter\vibe\flutter_vss\lib\product\widget\bottom_sheet\bluetooth_bottom_sheet\view\mixin\bluetooth_bottom_sheet_mixin.dart", "Dart", 0, 0, 18, 0, 0, 0, 0, 0, 0, 0, 0, 0, 6, 24
"d:\WORK\code\flutter\vibe\flutter_vss\lib\product\widget\bottom_sheet\bluetooth_bottom_sheet\view\widget\bluetooth_devices_listview.dart", "Dart", 0, 0, 19, 0, 0, 0, 0, 0, 0, 0, 0, 0, 4, 23
"d:\WORK\code\flutter\vibe\flutter_vss\lib\product\widget\bottom_sheet\bluetooth_bottom_sheet\view_model\bluetooth_bottom_sheet_view_model.dart", "Dart", 0, 0, 44, 0, 0, 0, 0, 0, 0, 0, 0, 1, 9, 54
"d:\WORK\code\flutter\vibe\flutter_vss\lib\product\widget\bottom_sheet\bluetooth_bottom_sheet\view_model\state\bluetooth_bottom_sheet_base_state.dart", "Dart", 0, 0, 8, 0, 0, 0, 0, 0, 0, 0, 0, 0, 2, 10
"d:\WORK\code\flutter\vibe\flutter_vss\lib\product\widget\bottom_sheet\bluetooth_bottom_sheet\view_model\state\bluetooth_bottom_sheet_state.dart", "Dart", 0, 0, 22, 0, 0, 0, 0, 0, 0, 0, 0, 0, 4, 26
"d:\WORK\code\flutter\vibe\flutter_vss\lib\product\widget\button\custom_button.dart", "Dart", 0, 0, 42, 0, 0, 0, 0, 0, 0, 0, 0, 0, 3, 45
"d:\WORK\code\flutter\vibe\flutter_vss\lib\product\widget\button\login\custom_login_button.dart", "Dart", 0, 0, 28, 0, 0, 0, 0, 0, 0, 0, 0, 0, 5, 33
"d:\WORK\code\flutter\vibe\flutter_vss\lib\product\widget\button\login\custom_login_button_mixin.dart", "Dart", 0, 0, 19, 0, 0, 0, 0, 0, 0, 0, 0, 0, 4, 23
"d:\WORK\code\flutter\vibe\flutter_vss\lib\product\widget\dialog\base\dialog_base.dart", "Dart", 0, 0, 15, 0, 0, 0, 0, 0, 0, 0, 0, 6, 3, 24
"d:\WORK\code\flutter\vibe\flutter_vss\lib\product\widget\dialog\input_dialog.dart", "Dart", 0, 0, 70, 0, 0, 0, 0, 0, 0, 0, 0, 5, 8, 83
"d:\WORK\code\flutter\vibe\flutter_vss\lib\product\widget\dialog\question_dialog.dart", "Dart", 0, 0, 63, 0, 0, 0, 0, 0, 0, 0, 0, 3, 9, 75
"d:\WORK\code\flutter\vibe\flutter_vss\lib\product\widget\product_listview.dart\base_listview_model.dart", "Dart", 0, 0, 6, 0, 0, 0, 0, 0, 0, 0, 0, 0, 2, 8
"d:\WORK\code\flutter\vibe\flutter_vss\lib\product\widget\product_listview.dart\base_summary_listview_model.dart", "Dart", 0, 0, 3, 0, 0, 0, 0, 0, 0, 0, 0, 0, 1, 4
"d:\WORK\code\flutter\vibe\flutter_vss\lib\product\widget\product_listview.dart\decoration\leading_decoration.dart", "Dart", 0, 0, 21, 0, 0, 0, 0, 0, 0, 0, 0, 0, 2, 23
"d:\WORK\code\flutter\vibe\flutter_vss\lib\product\widget\product_listview.dart\product_listview_separated.dart", "Dart", 0, 0, 97, 0, 0, 0, 0, 0, 0, 0, 0, 1, 6, 104
"d:\WORK\code\flutter\vibe\flutter_vss\lib\product\widget\product_listview.dart\product_summary_separated.dart", "Dart", 0, 0, 37, 0, 0, 0, 0, 0, 0, 0, 0, 0, 3, 40
"d:\WORK\code\flutter\vibe\flutter_vss\lib\product\widget\product_listview.dart\sub_listview_model.dart", "Dart", 0, 0, 3, 0, 0, 0, 0, 0, 0, 0, 0, 0, 0, 3
"d:\WORK\code\flutter\vibe\flutter_vss\lib\product\widget\product_textfield.dart", "Dart", 0, 0, 32, 0, 0, 0, 0, 0, 0, 0, 0, 0, 2, 34
"d:\WORK\code\flutter\vibe\flutter_vss\lib\product\widget\profile_pic_view.dart", "Dart", 0, 0, 33, 0, 0, 0, 0, 0, 0, 0, 0, 0, 2, 35
"d:\WORK\code\flutter\vibe\flutter_vss\pubspec.yaml", "YAML", 46, 0, 0, 0, 0, 0, 0, 0, 0, 0, 0, 22, 17, 85
"d:\WORK\code\flutter\vibe\flutter_vss\script\android_build.sh", "Shell Script", 0, 0, 0, 0, 8, 0, 0, 0, 0, 0, 0, 2, 1, 11
"d:\WORK\code\flutter\vibe\flutter_vss\script\build.sh", "Shell Script", 0, 0, 0, 0, 6, 0, 0, 0, 0, 0, 0, 0, 1, 7
"d:\WORK\code\flutter\vibe\flutter_vss\script\clean.sh", "Shell Script", 0, 0, 0, 0, 7, 0, 0, 0, 0, 0, 0, 0, 0, 7
"d:\WORK\code\flutter\vibe\flutter_vss\script\full_clean.sh", "Shell Script", 0, 0, 0, 0, 14, 0, 0, 0, 0, 0, 0, 2, 2, 18
"d:\WORK\code\flutter\vibe\flutter_vss\script\icon_build.sh", "Shell Script", 0, 0, 0, 0, 1, 0, 0, 0, 0, 0, 0, 0, 1, 2
"d:\WORK\code\flutter\vibe\flutter_vss\script\ios_clean.sh", "Shell Script", 0, 0, 0, 0, 11, 0, 0, 0, 0, 0, 0, 0, 2, 13
"d:\WORK\code\flutter\vibe\flutter_vss\script\lang.sh", "Shell Script", 0, 0, 0, 0, 1, 0, 0, 0, 0, 0, 0, 1, 1, 3
"d:\WORK\code\flutter\vibe\flutter_vss\test\widget_test.dart", "Dart", 0, 0, 14, 0, 0, 0, 0, 0, 0, 0, 0, 10, 7, 31
"d:\WORK\code\flutter\vibe\flutter_vss\web\index.html", "HTML", 0, 0, 0, 0, 0, 19, 0, 0, 0, 0, 0, 15, 5, 39
"d:\WORK\code\flutter\vibe\flutter_vss\web\manifest.json", "JSON", 0, 35, 0, 0, 0, 0, 0, 0, 0, 0, 0, 0, 1, 36
"Total", "-", 49, 180, 5662, 13, 48, 19, 19, 1, 135, 8, 81, 619, 1198, 8032